{
  "daily_start_equity": 35.68211611,
  "peak_equity": 37.32265462,
  "global_kill_switch": false,
  "kill_switch_triggered": false,
  "kill_switch_triggered_at": null,
  "daily_loss_pct": 1.0,
  "last_daily_reset": "2026-03-17",
  "per_bot": {
    "1557358e-ec41-49bd-922d-4a65ad8bad98": {
      "pnl_pct": 0.0,
      "risk_stopped": false
    },
    "c83946f6-6526-4dd8-8c57-a1f920500b31": {
      "pnl_pct": 0.0,
      "risk_stopped": false
    },
    "7fe5dc76-0f86-4233-a74d-581ccfb8fead": {
      "pnl_pct": -0.000562,
      "risk_stopped": false
    },
    "0b8fbeff-67d9-40ef-b536-5a015ebd0cfa": {
      "pnl_pct": -0.00223,
      "risk_stopped": false
    },
    "8abd5d4c-80e7-48c8-a152-b540b722d692": {
      "pnl_pct": 0.0,
      "risk_stopped": false
    },
    "b84685eb-a535-4c54-91b4-af0f34661538": {
      "pnl_pct": 0.003941,
      "risk_stopped": false
    },
    "43581ca4-4c80-424f-8c81-ca66b9b34eae": {
      "pnl_pct": 3.3e-05,
      "risk_stopped": false
    },
    "6b5115f4-20a7-41d9-ac4d-c2b9bf33e571": {
      "pnl_pct": 0.0,
      "risk_stopped": false
    },
    "044ad327-ea84-4b26-866e-42d1ab82276a": {
      "pnl_pct": 0.0,
      "risk_stopped": false
    },
    "ab69c441-94a4-4bfe-bda9-44660cfc8fb1": {
      "pnl_pct": -0.133324,
      "risk_stopped": false
    },
    "3c9a0518-26dc-4787-aefe-1c71b70270b6": {
      "pnl_pct": 0.0,
      "risk_stopped": false
    },
    "31652ae5-0bf3-4cec-9a5e-9d1c19edec68": {
      "pnl_pct": 0.005438,
      "risk_stopped": false
    },
    "95f49b6e-3926-434c-b4b2-79ee6a9326aa": {
      "pnl_pct": -0.000329,
      "risk_stopped": false
    },
    "0a06b773-8e98-4cc0-80ca-b542384d01d5": {
      "pnl_pct": 0.0,
      "risk_stopped": false
    },
    "33ac2747-7424-451d-b816-6dfe595d2978": {
      "pnl_pct": -0.018546,
      "risk_stopped": false
    },
    "2170844b-d8d8-44c9-a9a3-578250b245b1": {
      "pnl_pct": -0.000163,
      "risk_stopped": false
    },
    "362555d2-2866-46fb-8018-7c6ab050802d": {
      "pnl_pct": -0.004322,
      "risk_stopped": false
    },
    "8580f06d-fa03-4965-8e3c-6b179b9287f6": {
      "pnl_pct": 0.000389,
      "risk_stopped": false
    },
    "1bea867d-eeec-4a97-b333-cacadce2b56e": {
      "pnl_pct": 0.0,
      "risk_stopped": false
    },
    "619246a4-9367-4f9f-b0ab-ed2467e6fb77": {
      "pnl_pct": 0.00557,
      "risk_stopped": false
    },
    "63299afd-a55e-4a6c-aba3-6e16b26d18ad": {
      "pnl_pct": -0.006446,
      "risk_stopped": false
    },
    "c1956afd-99ba-4ef4-86bd-3ae7974ce984": {
      "pnl_pct": 0.0,
      "risk_stopped": false
    },
    "cad50ab7-1f18-493b-b282-6cd1c451b9e9": {
      "pnl_pct": -0.019805,
      "risk_stopped": false
    },
    "b9b91708-65b1-4bbd-b9c5-da8445c607b8": {
      "pnl_pct": 0.0,
      "risk_stopped": false
    },
    "5af10f53-28ed-42f2-baf1-381f05b7ba06": {
      "pnl_pct": 0.011513,
      "risk_stopped": false
    },
    "3196395f-c855-4d61-a9dd-67057ab6d0ee": {
      "pnl_pct": -0.028742,
      "risk_stopped": false
    },
    "69a7b4bd-23f3-4033-a228-a05cd551bfeb": {
      "pnl_pct": -0.001661,
      "risk_stopped": false
    },
    "c9975395-839d-46b6-b795-3d3d29d8f6dd": {
      "pnl_pct": 0.0,
      "risk_stopped": false
    },
    "059a30be-411e-493b-83d0-f108e944afd7": {
      "pnl_pct": -2.6e-05,
      "risk_stopped": false
    },
    "8d66fea4-e957-4b43-8cd3-335ec1066938": {
      "pnl_pct": 0.027663,
      "risk_stopped": false
    },
    "a82a237d-98c3-44e1-a2fc-e090048dbda0": {
      "pnl_pct": -0.000433,
      "risk_stopped": false
    },
    "61d5d780-ee4f-4585-b04c-c2ff3c9c4ab9": {
      "pnl_pct": 0.001292,
      "risk_stopped": false
    },
    "3e4dcc6d-d233-46a4-8a55-8310512cbce0": {
      "pnl_pct": 0.0,
      "risk_stopped": false
    },
    "418afc14-5f30-43e3-977c-878ca844e708": {
      "pnl_pct": 0.000186,
      "risk_stopped": false
    },
    "f4bf211f-6dd1-40b8-91a9-f6068cb4d573": {
      "pnl_pct": 0.0,
      "risk_stopped": false
    },
    "e10b5e1d-d150-4bdd-8212-d520f05877e3": {
      "pnl_pct": 0.005912,
      "risk_stopped": false
    },
    "19dfed9d-2a0a-494f-abb7-819ecf88e367": {
      "pnl_pct": 0.004313,
      "risk_stopped": false
    },
    "e2a14925-eff2-4255-8e36-e5f7054a74e9": {
      "pnl_pct": -0.002751,
      "risk_stopped": false
    },
    "fbb83de6-7efc-4831-bd00-00b1047a80cf": {
      "pnl_pct": 0.008603,
      "risk_stopped": false
    },
    "5968a3f7-316d-45e0-9d3b-62d927afe58b": {
      "pnl_pct": 0.001025,
      "risk_stopped": false
    },
    "6b5ef3d0-7daa-431d-b4dd-963e547a2abe": {
      "pnl_pct": 0.004082,
      "risk_stopped": false
    },
    "c7a6b418-7f03-4965-b6a3-ad87c1d4a02a": {
      "pnl_pct": -0.003274,
      "risk_stopped": false
    },
    "7d8392d2-f160-4189-9ae8-fe579baa9651": {
      "pnl_pct": -0.011944,
      "risk_stopped": false
    },
    "127215ee-1988-4bd0-b863-535f72e227fa": {
      "pnl_pct": -0.000267,
      "risk_stopped": false
    },
    "22ffb0a1-0b00-4a1d-ab5b-f884baddc434": {
      "pnl_pct": -0.007821,
      "risk_stopped": false
    },
    "aae66ddc-db05-462a-836b-350413aa38bf": {
      "pnl_pct": 0.0,
      "risk_stopped": false
    },
    "fb598d9e-7bbe-46ef-b1f7-baa14730e9ad": {
      "pnl_pct": -4.4e-05,
      "risk_stopped": false
    },
    "a3e88849-66b6-4cb4-8fb3-46eb61d3b60a": {
      "pnl_pct": -0.003457,
      "risk_stopped": false
    },
    "e807bbe0-ac41-4906-8a62-9bfbcbef8e17": {
      "pnl_pct": 0.00715,
      "risk_stopped": false
    },
    "eb63cde0-7ade-4d16-8243-356b3630b85f": {
      "pnl_pct": 0.011057,
      "risk_stopped": false
    },
    "6055cb3b-08db-4d6d-b9f2-29956d6ec2ea": {
      "pnl_pct": 0.001224,
      "risk_stopped": false
    },
    "1e5efb66-7bcf-483b-9efa-11accaaa9e1b": {
      "pnl_pct": 0.001678,
      "risk_stopped": false
    },
    "7b59b640-004f-45a0-bf5a-7c50015184c6": {
      "pnl_pct": 0.0,
      "risk_stopped": false
    }
  },
  "symbol_daily": {
    "ADAUSDT": {
      "realized_pnl": -1.05546149,
      "loss_abs": 1.05546149,
      "trade_count": 1,
      "triggered": false,
      "triggered_at": null,
      "last_trade_at": "2026-03-17T12:39:57.271000+00:00"
    }
  },
  "kill_switch_enforced": false
}